<?xml version="1.0" encoding="UTF-8"?>
<project-private xmlns="http://www.netbeans.org/ns/project-private/1">
    <editor-bookmarks xmlns="http://www.netbeans.org/ns/editor-bookmarks/2" lastBookmarkId="0"/>
    <open-files xmlns="http://www.netbeans.org/ns/projectui-open-files/2">
        <group>
            <file>file:/D:/WorkSpaceNetBeans/Trabalho_POO/src/model/dao/ClienteDAO.java</file>
            <file>file:/D:/WorkSpaceNetBeans/Trabalho_POO/src/view/produto/FrmProduto2.java</file>
            <file>file:/D:/WorkSpaceNetBeans/Trabalho_POO/src/controle/ControleProduto.java</file>
            <file>file:/D:/WorkSpaceNetBeans/Trabalho_POO/src/view/Cliente/FrmCliente.java</file>
            <file>file:/D:/WorkSpaceNetBeans/Trabalho_POO/src/view/produto/FrmProduto.java</file>
            <file>file:/D:/WorkSpaceNetBeans/Trabalho_POO/src/model/dao/ProdutoDAO.java</file>
            <file>file:/D:/WorkSpaceNetBeans/Trabalho_POO/src/model/dao/PedidoDAO.java</file>
            <file>file:/D:/WorkSpaceNetBeans/Trabalho_POO/src/model/entidades/Produto.java</file>
            <file>file:/D:/WorkSpaceNetBeans/Trabalho_POO/src/trabalho_poo/Trabalho_POO.java</file>
            <file>file:/D:/WorkSpaceNetBeans/Trabalho_POO/src/view/Cliente/FrmCliente2.java</file>
        </group>
    </open-files>
</project-private>
